{
	"name": "USER",
	"properties": {
		"folder": {
			"name": "SuccessFactor"
		},
		"type": "MappingDataFlow",
		"typeProperties": {
			"sources": [
				{
					"dataset": {
						"referenceName": "SuccessFactorRawExtract",
						"type": "DatasetReference"
					},
					"name": "SrcUSER"
				},
				{
					"linkedService": {
						"referenceName": "AzureSqlDatabase1",
						"type": "LinkedServiceReference"
					},
					"name": "ExtUSER"
				}
			],
			"sinks": [
				{
					"linkedService": {
						"referenceName": "AzureSqlDatabase1",
						"type": "LinkedServiceReference"
					},
					"name": "DstUSER1"
				},
				{
					"linkedService": {
						"referenceName": "AzureSqlDatabase1",
						"type": "LinkedServiceReference"
					},
					"name": "DstUSER2"
				}
			],
			"transformations": [
				{
					"name": "flatten1"
				},
				{
					"name": "select1"
				},
				{
					"name": "alterRow1"
				},
				{
					"name": "alterRow2"
				},
				{
					"name": "derivedColumn1"
				},
				{
					"name": "derivedColumn2"
				},
				{
					"name": "derivedColumn3"
				},
				{
					"name": "split1"
				},
				{
					"name": "join1"
				}
			],
			"scriptLines": [
				"source(output(",
				"          d as (results as (addressLine1 as string, addressLine2 as string, addressLine3 as string, assigneeUserIdOfDomainEventAlertNav as string, assignmentUUID as string, benchStrength as string, benchStrengthNav as string, businessPhone as string, businessSegment as string, cellPhone as string, citizenship as string, city as string, codeOfRightToReturnNav as string, competency as string, competencyRatingNav as string, costCenterManagerOfFOCostCenterNav as string, country as string, cust_headOfBAOfcust_BANav as string, cust_headOfUnitOfcust_SubteamNav as string, cust_headOfUnitOfcust_TeamNav as string, cust_initiatorOfPositionNav as string, custom01 as string, custom02 as string, custom03 as string, custom04 as string, custom05 as string, custom06 as string, custom07 as string, custom08 as string, custom08Nav as string, custom09 as string, custom11 as string, custom12 as string, custom13 as string, custom14 as string, custom15 as string, customManager as string, customReports as string, dateOfBirth as string, dateOfPosition as string, defaultFullName as string, defaultLocale as string, delegateeOfAutoDelegateDetailNav as string, delegatorOfAutoDelegateConfigNav as string, department as string, directReports as string, division as string, email as string, empId as string, empInfo as string, emplStatus as string, employee_class as string, employmentIdentityOfDRTMPurgeFreezeNav as string, ethnicity as string, ethnicityNav as string, externalCodeOfcust_AAP_1Nav as string, externalCodeOfcust_Abs_1Nav as string, externalCodeOfcust_BenefPlan_1Nav as string, externalCodeOfcust_Benef_1Nav as string, externalCodeOfcust_Carcino_1Nav as string, externalCodeOfcust_DKTax_parentNav as string, externalCodeOfcust_Denmark_Statistik_ParentNav as string, externalCodeOfcust_Disc_1Nav as string, externalCodeOfcust_EEO_1Nav as string, externalCodeOfcust_EmpChange_1Nav as string, externalCodeOfcust_EmpContr_1Nav as string, externalCodeOfcust_EmpFiles_1Nav as string, externalCodeOfcust_Forms_1Nav as string, externalCodeOfcust_HI_1Nav as string, externalCodeOfcust_Hazard_1Nav as string, externalCodeOfcust_ID_1Nav as string, externalCodeOfcust_Illness_1Nav as string, externalCodeOfcust_InFiles_1Nav as string, externalCodeOfcust_Legal_1Nav as string, externalCodeOfcust_MiscellaneousNav as string, externalCodeOfcust_Other_1Nav as string, externalCodeOfcust_PensionPlan_1Nav as string, externalCodeOfcust_Perm_1Nav as string, externalCodeOfcust_PersDoc_1Nav as string, externalCodeOfcust_RedDoc_1Nav as string, externalCodeOfcust_Term_1Nav as string, externalCodeOfcust_cantine_DK_parentNav as string, externalCodeOfcust_companycar_parentNav as string, fax as string, firstName as string, futureLeader as string, headOfUnitOfFOBusinessUnitNav as string, headOfUnitOfFODepartmentNav as string, headOfUnitOfFODivisionNav as string, hireDate as string, homePhone as string, hr as string, hrReports as string, impactOfLoss as string, impactOfLossNav as string, incumbentOfPositionNav as string, isPrimaryAssignment as string, jobCode as string, keyPosition as string, lastModified as string, lastModifiedDateTime as string, lastModifiedWithTZ as string, lastName as string, lastReviewDate as string, level as string, location as string, loginMethod as string, manager as string, married as string, matrix1Label as string, matrix2Label as string, matrixManaged as string, matrixManager as string, matrixReports as string, mi as string, minority as string, nationality as string, newToPosition as string, nickname as string, objective as string, onboardingId as string, ownerOfTalentPoolNav as string, performance as string, personKeyNav as string, potential as string, proxy as string, reasonForLeaving as string, reasonForLeavingNav as string, reviewFreq as string, riskOfLoss as string, riskOfLossNav as string, salutation as string, sciLastModified as string, secondManager as string, secondReports as string, ssn as string, state as string, status as string, suffix as string, talentPool as string, targetIdOfTimeManagementAlertNav as string, teamMembersSize as string, timeZone as string, title as string, totalTeamSize as string, userId as string, userIdOfAccrualCalculationBaseNav as string, userIdOfBudgetGroupNav as string, userIdOfEmployeePayrollRunResultsNav as string, userIdOfEmployeeTimeGroupNav as string, userIdOfEmployeeTimeNav as string, userIdOfPositionRightToReturnNav as string, userIdOfTemporaryTimeInformationNav as string, userIdOfTimeAccountNav as string, userIdOfTimeAccountSnapshotNav as string, userIdOfWorkScheduleNav as string, userPermissionsNav as string, userSysIdOfWorkOrderNav as string, username as string, usersSysIdOfHireDateChangeNav as string, usersSysIdOfSecondaryAssignmentsItemNav as string, workOrderOwnerIdOfWorkOrderNav as string, workerOfPaymentInformationV3Nav as string, zipCode as string)[])",
				"     ),",
				"     allowSchemaDrift: true,",
				"     validateSchema: false,",
				"     ignoreNoFilesFound: false,",
				"     enableCdc: true,",
				"     mode: 'read',",
				"     skipInitialLoad: true,",
				"     documentForm: 'documentPerLine',",
				"     fileSystem: 'bronze',",
				"     folderPath: 'SapSuccessFactor/USER') ~> SrcUSER",
				"source(output(",
				"          ADDRESSLINE1 as string,",
				"          ADDRESSLINE2 as string,",
				"          ADDRESSLINE3 as string,",
				"          ASSIGNEEUSERIDOFDOMAINEVENTALERTNAV as string,",
				"          ASSIGNMENTUUID as string,",
				"          BENCHSTRENGTH as string,",
				"          BENCHSTRENGTHNAV as string,",
				"          BUSINESSPHONE as string,",
				"          BUSINESSSEGMENT as string,",
				"          CELLPHONE as string,",
				"          CITIZENSHIP as string,",
				"          CITY as string,",
				"          CODEOFRIGHTTORETURNNAV as string,",
				"          COMPETENCY as string,",
				"          COMPETENCYRATINGNAV as string,",
				"          COSTCENTERMANAGEROFFOCOSTCENTERNAV as string,",
				"          COUNTRY as string,",
				"          CUST_HEADOFBAOFCUST_BANAV as string,",
				"          CUST_HEADOFUNITOFCUST_SUBTEAMNAV as string,",
				"          CUST_HEADOFUNITOFCUST_TEAMNAV as string,",
				"          CUST_INITIATOROFPOSITIONNAV as string,",
				"          CUSTOM01 as string,",
				"          CUSTOM02 as string,",
				"          CUSTOM03 as string,",
				"          CUSTOM04 as string,",
				"          CUSTOM05 as string,",
				"          CUSTOM06 as string,",
				"          CUSTOM07 as string,",
				"          CUSTOM08 as string,",
				"          CUSTOM08NAV as string,",
				"          CUSTOM09 as string,",
				"          CUSTOM11 as string,",
				"          CUSTOM12 as string,",
				"          CUSTOM13 as string,",
				"          CUSTOM14 as string,",
				"          CUSTOM15 as string,",
				"          CUSTOMMANAGER as string,",
				"          CUSTOMREPORTS as string,",
				"          DATEOFBIRTH as string,",
				"          DATEOFPOSITION as string,",
				"          DEFAULTFULLNAME as string,",
				"          DEFAULTLOCALE as string,",
				"          DELEGATEEOFAUTODELEGATEDETAILNAV as string,",
				"          DELEGATOROFAUTODELEGATECONFIGNAV as string,",
				"          DEPARTMENT as string,",
				"          DIRECTREPORTS as string,",
				"          DIVISION as string,",
				"          EMAIL as string,",
				"          EMPID as string,",
				"          EMPINFO as string,",
				"          EMPLSTATUS as string,",
				"          EMPLOYEE_CLASS as string,",
				"          EMPLOYMENTIDENTITYOFDRTMPURGEFREEZENAV as string,",
				"          ETHNICITY as string,",
				"          ETHNICITYNAV as string,",
				"          EXTERNALCODEOFCUST_AAP_1NAV as string,",
				"          EXTERNALCODEOFCUST_ABS_1NAV as string,",
				"          EXTERNALCODEOFCUST_BENEFPLAN_1NAV as string,",
				"          EXTERNALCODEOFCUST_BENEF_1NAV as string,",
				"          EXTERNALCODEOFCUST_CARCINO_1NAV as string,",
				"          EXTERNALCODEOFCUST_DKTAX_PARENTNAV as string,",
				"          EXTERNALCODEOFCUST_DENMARK_STATISTIK_PARENTNAV as string,",
				"          EXTERNALCODEOFCUST_DISC_1NAV as string,",
				"          EXTERNALCODEOFCUST_EEO_1NAV as string,",
				"          EXTERNALCODEOFCUST_EMPCHANGE_1NAV as string,",
				"          EXTERNALCODEOFCUST_EMPCONTR_1NAV as string,",
				"          EXTERNALCODEOFCUST_EMPFILES_1NAV as string,",
				"          EXTERNALCODEOFCUST_FORMS_1NAV as string,",
				"          EXTERNALCODEOFCUST_HI_1NAV as string,",
				"          EXTERNALCODEOFCUST_HAZARD_1NAV as string,",
				"          EXTERNALCODEOFCUST_ID_1NAV as string,",
				"          EXTERNALCODEOFCUST_ILLNESS_1NAV as string,",
				"          EXTERNALCODEOFCUST_INFILES_1NAV as string,",
				"          EXTERNALCODEOFCUST_LEGAL_1NAV as string,",
				"          EXTERNALCODEOFCUST_MISCELLANEOUSNAV as string,",
				"          EXTERNALCODEOFCUST_OTHER_1NAV as string,",
				"          EXTERNALCODEOFCUST_PENSIONPLAN_1NAV as string,",
				"          EXTERNALCODEOFCUST_PERM_1NAV as string,",
				"          EXTERNALCODEOFCUST_PERSDOC_1NAV as string,",
				"          EXTERNALCODEOFCUST_REDDOC_1NAV as string,",
				"          EXTERNALCODEOFCUST_TERM_1NAV as string,",
				"          EXTERNALCODEOFCUST_CANTINE_DK_PARENTNAV as string,",
				"          EXTERNALCODEOFCUST_COMPANYCAR_PARENTNAV as string,",
				"          FAX as string,",
				"          FIRSTNAME as string,",
				"          FUTURELEADER as string,",
				"          HEADOFUNITOFFOBUSINESSUNITNAV as string,",
				"          HEADOFUNITOFFODEPARTMENTNAV as string,",
				"          HEADOFUNITOFFODIVISIONNAV as string,",
				"          HIREDATE as string,",
				"          HOMEPHONE as string,",
				"          HR as string,",
				"          HRREPORTS as string,",
				"          IMPACTOFLOSS as string,",
				"          IMPACTOFLOSSNAV as string,",
				"          INCUMBENTOFPOSITIONNAV as string,",
				"          ISPRIMARYASSIGNMENT as string,",
				"          JOBCODE as string,",
				"          KEYPOSITION as string,",
				"          LASTMODIFIED as string,",
				"          LASTMODIFIEDDATETIME as string,",
				"          LASTMODIFIEDWITHTZ as string,",
				"          LASTNAME as string,",
				"          LASTREVIEWDATE as string,",
				"          LEVEL as string,",
				"          LOCATION as string,",
				"          LOGINMETHOD as string,",
				"          MANAGER as string,",
				"          MARRIED as string,",
				"          MATRIX1LABEL as string,",
				"          MATRIX2LABEL as string,",
				"          MATRIXMANAGED as string,",
				"          MATRIXMANAGER as string,",
				"          MATRIXREPORTS as string,",
				"          MI as string,",
				"          MINORITY as string,",
				"          NATIONALITY as string,",
				"          NEWTOPOSITION as string,",
				"          NICKNAME as string,",
				"          OBJECTIVE as string,",
				"          ONBOARDINGID as string,",
				"          OWNEROFTALENTPOOLNAV as string,",
				"          PERFORMANCE as string,",
				"          PERSONKEYNAV as string,",
				"          POTENTIAL as string,",
				"          PROXY as string,",
				"          REASONFORLEAVING as string,",
				"          REASONFORLEAVINGNAV as string,",
				"          REVIEWFREQ as string,",
				"          RISKOFLOSS as string,",
				"          RISKOFLOSSNAV as string,",
				"          SALUTATION as string,",
				"          SCILASTMODIFIED as string,",
				"          SECONDMANAGER as string,",
				"          SECONDREPORTS as string,",
				"          SSN as string,",
				"          STATE as string,",
				"          STATUS as string,",
				"          SUFFIX as string,",
				"          TALENTPOOL as string,",
				"          TARGETIDOFTIMEMANAGEMENTALERTNAV as string,",
				"          TEAMMEMBERSSIZE as string,",
				"          TIMEZONE as string,",
				"          TITLE as string,",
				"          TOTALTEAMSIZE as string,",
				"          USERID as string,",
				"          USERIDOFACCRUALCALCULATIONBASENAV as string,",
				"          USERIDOFBUDGETGROUPNAV as string,",
				"          USERIDOFEMPLOYEEPAYROLLRUNRESULTSNAV as string,",
				"          USERIDOFEMPLOYEETIMEGROUPNAV as string,",
				"          USERIDOFEMPLOYEETIMENAV as string,",
				"          USERIDOFPOSITIONRIGHTTORETURNNAV as string,",
				"          USERIDOFTEMPORARYTIMEINFORMATIONNAV as string,",
				"          USERIDOFTIMEACCOUNTNAV as string,",
				"          USERIDOFTIMEACCOUNTSNAPSHOTNAV as string,",
				"          USERIDOFWORKSCHEDULENAV as string,",
				"          USERPERMISSIONSNAV as string,",
				"          USERSYSIDOFWORKORDERNAV as string,",
				"          USERNAME as string,",
				"          USERSSYSIDOFHIREDATECHANGENAV as string,",
				"          USERSSYSIDOFSECONDARYASSIGNMENTSITEMNAV as string,",
				"          WORKORDEROWNERIDOFWORKORDERNAV as string,",
				"          WORKEROFPAYMENTINFORMATIONV3NAV as string,",
				"          ZIPCODE as string",
				"     ),",
				"     allowSchemaDrift: true,",
				"     validateSchema: false,",
				"     format: 'table',",
				"     store: 'sqlserver',",
				"     schemaName: 'SRC_SCSFCTR',",
				"     tableName: 'USER',",
				"     isolationLevel: 'READ_UNCOMMITTED') ~> ExtUSER",
				"SrcUSER foldDown(unroll(d.results, d.results),",
				"     mapColumn(",
				"          ADDRESSLINE1 = d.results.addressLine1,",
				"          ADDRESSLINE2 = d.results.addressLine2,",
				"          ADDRESSLINE3 = d.results.addressLine3,",
				"          ASSIGNEEUSERIDOFDOMAINEVENTALERTNAV = d.results.assigneeUserIdOfDomainEventAlertNav,",
				"          ASSIGNMENTUUID = d.results.assignmentUUID,",
				"          BENCHSTRENGTH = d.results.benchStrength,",
				"          BENCHSTRENGTHNAV = d.results.benchStrengthNav,",
				"          BUSINESSPHONE = d.results.businessPhone,",
				"          BUSINESSSEGMENT = d.results.businessSegment,",
				"          CELLPHONE = d.results.cellPhone,",
				"          CITIZENSHIP = d.results.citizenship,",
				"          CITY = d.results.city,",
				"          CODEOFRIGHTTORETURNNAV = d.results.codeOfRightToReturnNav,",
				"          COMPETENCY = d.results.competency,",
				"          COMPETENCYRATINGNAV = d.results.competencyRatingNav,",
				"          COSTCENTERMANAGEROFFOCOSTCENTERNAV = d.results.costCenterManagerOfFOCostCenterNav,",
				"          COUNTRY = d.results.country,",
				"          CUST_HEADOFBAOFCUST_BANAV = d.results.cust_headOfBAOfcust_BANav,",
				"          CUST_HEADOFUNITOFCUST_SUBTEAMNAV = d.results.cust_headOfUnitOfcust_SubteamNav,",
				"          CUST_HEADOFUNITOFCUST_TEAMNAV = d.results.cust_headOfUnitOfcust_TeamNav,",
				"          CUST_INITIATOROFPOSITIONNAV = d.results.cust_initiatorOfPositionNav,",
				"          CUSTOM01 = d.results.custom01,",
				"          CUSTOM02 = d.results.custom02,",
				"          CUSTOM03 = d.results.custom03,",
				"          CUSTOM04 = d.results.custom04,",
				"          CUSTOM05 = d.results.custom05,",
				"          CUSTOM06 = d.results.custom06,",
				"          CUSTOM07 = d.results.custom07,",
				"          CUSTOM08 = d.results.custom08,",
				"          CUSTOM08NAV = d.results.custom08Nav,",
				"          CUSTOM09 = d.results.custom09,",
				"          CUSTOM11 = d.results.custom11,",
				"          CUSTOM12 = d.results.custom12,",
				"          CUSTOM13 = d.results.custom13,",
				"          CUSTOM14 = d.results.custom14,",
				"          CUSTOM15 = d.results.custom15,",
				"          CUSTOMMANAGER = d.results.customManager,",
				"          CUSTOMREPORTS = d.results.customReports,",
				"          DATEOFBIRTH = d.results.dateOfBirth,",
				"          DATEOFPOSITION = d.results.dateOfPosition,",
				"          DEFAULTFULLNAME = d.results.defaultFullName,",
				"          DEFAULTLOCALE = d.results.defaultLocale,",
				"          DELEGATEEOFAUTODELEGATEDETAILNAV = d.results.delegateeOfAutoDelegateDetailNav,",
				"          DELEGATOROFAUTODELEGATECONFIGNAV = d.results.delegatorOfAutoDelegateConfigNav,",
				"          DEPARTMENT = d.results.department,",
				"          DIRECTREPORTS = d.results.directReports,",
				"          DIVISION = d.results.division,",
				"          EMAIL = d.results.email,",
				"          EMPID = d.results.empId,",
				"          EMPINFO = d.results.empInfo,",
				"          EMPLSTATUS = d.results.emplStatus,",
				"          EMPLOYEE_CLASS = d.results.employee_class,",
				"          EMPLOYMENTIDENTITYOFDRTMPURGEFREEZENAV = d.results.employmentIdentityOfDRTMPurgeFreezeNav,",
				"          ETHNICITY = d.results.ethnicity,",
				"          ETHNICITYNAV = d.results.ethnicityNav,",
				"          EXTERNALCODEOFCUST_AAP_1NAV = d.results.externalCodeOfcust_AAP_1Nav,",
				"          EXTERNALCODEOFCUST_ABS_1NAV = d.results.externalCodeOfcust_Abs_1Nav,",
				"          EXTERNALCODEOFCUST_BENEFPLAN_1NAV = d.results.externalCodeOfcust_BenefPlan_1Nav,",
				"          EXTERNALCODEOFCUST_BENEF_1NAV = d.results.externalCodeOfcust_Benef_1Nav,",
				"          EXTERNALCODEOFCUST_CARCINO_1NAV = d.results.externalCodeOfcust_Carcino_1Nav,",
				"          EXTERNALCODEOFCUST_DKTAX_PARENTNAV = d.results.externalCodeOfcust_DKTax_parentNav,",
				"          EXTERNALCODEOFCUST_DENMARK_STATISTIK_PARENTNAV = d.results.externalCodeOfcust_Denmark_Statistik_ParentNav,",
				"          EXTERNALCODEOFCUST_DISC_1NAV = d.results.externalCodeOfcust_Disc_1Nav,",
				"          EXTERNALCODEOFCUST_EEO_1NAV = d.results.externalCodeOfcust_EEO_1Nav,",
				"          EXTERNALCODEOFCUST_EMPCHANGE_1NAV = d.results.externalCodeOfcust_EmpChange_1Nav,",
				"          EXTERNALCODEOFCUST_EMPCONTR_1NAV = d.results.externalCodeOfcust_EmpContr_1Nav,",
				"          EXTERNALCODEOFCUST_EMPFILES_1NAV = d.results.externalCodeOfcust_EmpFiles_1Nav,",
				"          EXTERNALCODEOFCUST_FORMS_1NAV = d.results.externalCodeOfcust_Forms_1Nav,",
				"          EXTERNALCODEOFCUST_HI_1NAV = d.results.externalCodeOfcust_HI_1Nav,",
				"          EXTERNALCODEOFCUST_HAZARD_1NAV = d.results.externalCodeOfcust_Hazard_1Nav,",
				"          EXTERNALCODEOFCUST_ID_1NAV = d.results.externalCodeOfcust_ID_1Nav,",
				"          EXTERNALCODEOFCUST_ILLNESS_1NAV = d.results.externalCodeOfcust_Illness_1Nav,",
				"          EXTERNALCODEOFCUST_INFILES_1NAV = d.results.externalCodeOfcust_InFiles_1Nav,",
				"          EXTERNALCODEOFCUST_LEGAL_1NAV = d.results.externalCodeOfcust_Legal_1Nav,",
				"          EXTERNALCODEOFCUST_MISCELLANEOUSNAV = d.results.externalCodeOfcust_MiscellaneousNav,",
				"          EXTERNALCODEOFCUST_OTHER_1NAV = d.results.externalCodeOfcust_Other_1Nav,",
				"          EXTERNALCODEOFCUST_PENSIONPLAN_1NAV = d.results.externalCodeOfcust_PensionPlan_1Nav,",
				"          EXTERNALCODEOFCUST_PERM_1NAV = d.results.externalCodeOfcust_Perm_1Nav,",
				"          EXTERNALCODEOFCUST_PERSDOC_1NAV = d.results.externalCodeOfcust_PersDoc_1Nav,",
				"          EXTERNALCODEOFCUST_REDDOC_1NAV = d.results.externalCodeOfcust_RedDoc_1Nav,",
				"          EXTERNALCODEOFCUST_TERM_1NAV = d.results.externalCodeOfcust_Term_1Nav,",
				"          EXTERNALCODEOFCUST_CANTINE_DK_PARENTNAV = d.results.externalCodeOfcust_cantine_DK_parentNav,",
				"          EXTERNALCODEOFCUST_COMPANYCAR_PARENTNAV = d.results.externalCodeOfcust_companycar_parentNav,",
				"          FAX = d.results.fax,",
				"          FIRSTNAME = d.results.firstName,",
				"          FUTURELEADER = d.results.futureLeader,",
				"          HEADOFUNITOFFOBUSINESSUNITNAV = d.results.headOfUnitOfFOBusinessUnitNav,",
				"          HEADOFUNITOFFODEPARTMENTNAV = d.results.headOfUnitOfFODepartmentNav,",
				"          HEADOFUNITOFFODIVISIONNAV = d.results.headOfUnitOfFODivisionNav,",
				"          HIREDATE = d.results.hireDate,",
				"          HOMEPHONE = d.results.homePhone,",
				"          HR = d.results.hr,",
				"          HRREPORTS = d.results.hrReports,",
				"          IMPACTOFLOSS = d.results.impactOfLoss,",
				"          IMPACTOFLOSSNAV = d.results.impactOfLossNav,",
				"          INCUMBENTOFPOSITIONNAV = d.results.incumbentOfPositionNav,",
				"          ISPRIMARYASSIGNMENT = d.results.isPrimaryAssignment,",
				"          JOBCODE = d.results.jobCode,",
				"          KEYPOSITION = d.results.keyPosition,",
				"          LASTMODIFIED = d.results.lastModified,",
				"          LASTMODIFIEDDATETIME = d.results.lastModifiedDateTime,",
				"          LASTMODIFIEDWITHTZ = d.results.lastModifiedWithTZ,",
				"          LASTNAME = d.results.lastName,",
				"          LASTREVIEWDATE = d.results.lastReviewDate,",
				"          LEVEL = d.results.level,",
				"          LOCATION = d.results.location,",
				"          LOGINMETHOD = d.results.loginMethod,",
				"          MANAGER = d.results.manager,",
				"          MARRIED = d.results.married,",
				"          MATRIX1LABEL = d.results.matrix1Label,",
				"          MATRIX2LABEL = d.results.matrix2Label,",
				"          MATRIXMANAGED = d.results.matrixManaged,",
				"          MATRIXMANAGER = d.results.matrixManager,",
				"          MATRIXREPORTS = d.results.matrixReports,",
				"          MI = d.results.mi,",
				"          MINORITY = d.results.minority,",
				"          NATIONALITY = d.results.nationality,",
				"          NEWTOPOSITION = d.results.newToPosition,",
				"          NICKNAME = d.results.nickname,",
				"          OBJECTIVE = d.results.objective,",
				"          ONBOARDINGID = d.results.onboardingId,",
				"          OWNEROFTALENTPOOLNAV = d.results.ownerOfTalentPoolNav,",
				"          PERFORMANCE = d.results.performance,",
				"          PERSONKEYNAV = d.results.personKeyNav,",
				"          POTENTIAL = d.results.potential,",
				"          PROXY = d.results.proxy,",
				"          REASONFORLEAVING = d.results.reasonForLeaving,",
				"          REASONFORLEAVINGNAV = d.results.reasonForLeavingNav,",
				"          REVIEWFREQ = d.results.reviewFreq,",
				"          RISKOFLOSS = d.results.riskOfLoss,",
				"          RISKOFLOSSNAV = d.results.riskOfLossNav,",
				"          SALUTATION = d.results.salutation,",
				"          SCILASTMODIFIED = d.results.sciLastModified,",
				"          SECONDMANAGER = d.results.secondManager,",
				"          SECONDREPORTS = d.results.secondReports,",
				"          SSN = d.results.ssn,",
				"          STATE = d.results.state,",
				"          STATUS = d.results.status,",
				"          SUFFIX = d.results.suffix,",
				"          TALENTPOOL = d.results.talentPool,",
				"          TARGETIDOFTIMEMANAGEMENTALERTNAV = d.results.targetIdOfTimeManagementAlertNav,",
				"          TEAMMEMBERSSIZE = d.results.teamMembersSize,",
				"          TIMEZONE = d.results.timeZone,",
				"          TITLE = d.results.title,",
				"          TOTALTEAMSIZE = d.results.totalTeamSize,",
				"          USERID = d.results.userId,",
				"          USERIDOFACCRUALCALCULATIONBASENAV = d.results.userIdOfAccrualCalculationBaseNav,",
				"          USERIDOFBUDGETGROUPNAV = d.results.userIdOfBudgetGroupNav,",
				"          USERIDOFEMPLOYEEPAYROLLRUNRESULTSNAV = d.results.userIdOfEmployeePayrollRunResultsNav,",
				"          USERIDOFEMPLOYEETIMEGROUPNAV = d.results.userIdOfEmployeeTimeGroupNav,",
				"          USERIDOFEMPLOYEETIMENAV = d.results.userIdOfEmployeeTimeNav,",
				"          USERIDOFPOSITIONRIGHTTORETURNNAV = d.results.userIdOfPositionRightToReturnNav,",
				"          USERIDOFTEMPORARYTIMEINFORMATIONNAV = d.results.userIdOfTemporaryTimeInformationNav,",
				"          USERIDOFTIMEACCOUNTNAV = d.results.userIdOfTimeAccountNav,",
				"          USERIDOFTIMEACCOUNTSNAPSHOTNAV = d.results.userIdOfTimeAccountSnapshotNav,",
				"          USERIDOFWORKSCHEDULENAV = d.results.userIdOfWorkScheduleNav,",
				"          USERPERMISSIONSNAV = d.results.userPermissionsNav,",
				"          USERSYSIDOFWORKORDERNAV = d.results.userSysIdOfWorkOrderNav,",
				"          USERNAME = d.results.username,",
				"          USERSSYSIDOFHIREDATECHANGENAV = d.results.usersSysIdOfHireDateChangeNav,",
				"          USERSSYSIDOFSECONDARYASSIGNMENTSITEMNAV = d.results.usersSysIdOfSecondaryAssignmentsItemNav,",
				"          WORKORDEROWNERIDOFWORKORDERNAV = d.results.workOrderOwnerIdOfWorkOrderNav,",
				"          WORKEROFPAYMENTINFORMATIONV3NAV = d.results.workerOfPaymentInformationV3Nav,",
				"          ZIPCODE = d.results.zipCode",
				"     ),",
				"     skipDuplicateMapInputs: false,",
				"     skipDuplicateMapOutputs: false) ~> flatten1",
				"ExtUSER select(mapColumn(",
				"          USERID",
				"     ),",
				"     skipDuplicateMapInputs: true,",
				"     skipDuplicateMapOutputs: true) ~> select1",
				"derivedColumn3 alterRow(updateIf(isUpdate()),",
				"     insertIf(isInsert())) ~> alterRow1",
				"derivedColumn2 alterRow(updateIf(isUpdate())) ~> alterRow2",
				"flatten1 derive(LAST_UPDATED_TS = currentTimestamp()) ~> derivedColumn1",
				"split1@Deleted derive(SRC_DELETED_FLG = \"Y\") ~> derivedColumn2",
				"split1@Upsert derive(SRC_DELETED_FLG = \"N\") ~> derivedColumn3",
				"join1 split(isNull(flatten1@USERID)&&!isNull(select1@USERID),",
				"     disjoint: false) ~> split1@(Deleted, Upsert)",
				"derivedColumn1, select1 join(flatten1@USERID == select1@USERID,",
				"     joinType:'outer',",
				"     matchType:'exact',",
				"     ignoreSpaces: false,",
				"     broadcast: 'auto')~> join1",
				"alterRow2 sink(allowSchemaDrift: true,",
				"     validateSchema: false,",
				"     format: 'table',",
				"     store: 'sqlserver',",
				"     schemaName: 'SRC_SCSFCTR',",
				"     tableName: 'USER',",
				"     insertable: true,",
				"     updateable: true,",
				"     deletable: false,",
				"     upsertable: true,",
				"     keys:['USERID'],",
				"     stagingSchemaName: 'STG_SCSFC',",
				"     skipDuplicateMapInputs: true,",
				"     skipDuplicateMapOutputs: true,",
				"     errorHandlingOption: 'stopOnFirstError',",
				"     mapColumn(",
				"          SRC_DELETED_FLG,",
				"          LAST_UPDATED_TS,",
				"          ADDRESSLINE1,",
				"          ADDRESSLINE2,",
				"          ADDRESSLINE3,",
				"          ASSIGNEEUSERIDOFDOMAINEVENTALERTNAV,",
				"          ASSIGNMENTUUID,",
				"          BENCHSTRENGTH,",
				"          BENCHSTRENGTHNAV,",
				"          BUSINESSPHONE,",
				"          BUSINESSSEGMENT,",
				"          CELLPHONE,",
				"          CITIZENSHIP,",
				"          CITY,",
				"          CODEOFRIGHTTORETURNNAV,",
				"          COMPETENCY,",
				"          COMPETENCYRATINGNAV,",
				"          COSTCENTERMANAGEROFFOCOSTCENTERNAV,",
				"          COUNTRY,",
				"          CUST_HEADOFBAOFCUST_BANAV,",
				"          CUST_HEADOFUNITOFCUST_SUBTEAMNAV,",
				"          CUST_HEADOFUNITOFCUST_TEAMNAV,",
				"          CUST_INITIATOROFPOSITIONNAV,",
				"          CUSTOM01,",
				"          CUSTOM02,",
				"          CUSTOM03,",
				"          CUSTOM04,",
				"          CUSTOM05,",
				"          CUSTOM06,",
				"          CUSTOM07,",
				"          CUSTOM08,",
				"          CUSTOM08NAV,",
				"          CUSTOM09,",
				"          CUSTOM11,",
				"          CUSTOM12,",
				"          CUSTOM13,",
				"          CUSTOM14,",
				"          CUSTOM15,",
				"          CUSTOMMANAGER,",
				"          CUSTOMREPORTS,",
				"          DATEOFBIRTH,",
				"          DATEOFPOSITION,",
				"          DEFAULTFULLNAME,",
				"          DEFAULTLOCALE,",
				"          DELEGATEEOFAUTODELEGATEDETAILNAV,",
				"          DELEGATOROFAUTODELEGATECONFIGNAV,",
				"          DEPARTMENT,",
				"          DIRECTREPORTS,",
				"          DIVISION,",
				"          EMAIL,",
				"          EMPID,",
				"          EMPINFO,",
				"          EMPLSTATUS,",
				"          EMPLOYEE_CLASS,",
				"          EMPLOYMENTIDENTITYOFDRTMPURGEFREEZENAV,",
				"          ETHNICITY,",
				"          ETHNICITYNAV,",
				"          EXTERNALCODEOFCUST_AAP_1NAV,",
				"          EXTERNALCODEOFCUST_ABS_1NAV,",
				"          EXTERNALCODEOFCUST_BENEFPLAN_1NAV,",
				"          EXTERNALCODEOFCUST_BENEF_1NAV,",
				"          EXTERNALCODEOFCUST_CARCINO_1NAV,",
				"          EXTERNALCODEOFCUST_DKTAX_PARENTNAV,",
				"          EXTERNALCODEOFCUST_DENMARK_STATISTIK_PARENTNAV,",
				"          EXTERNALCODEOFCUST_DISC_1NAV,",
				"          EXTERNALCODEOFCUST_EEO_1NAV,",
				"          EXTERNALCODEOFCUST_EMPCHANGE_1NAV,",
				"          EXTERNALCODEOFCUST_EMPCONTR_1NAV,",
				"          EXTERNALCODEOFCUST_EMPFILES_1NAV,",
				"          EXTERNALCODEOFCUST_FORMS_1NAV,",
				"          EXTERNALCODEOFCUST_HI_1NAV,",
				"          EXTERNALCODEOFCUST_HAZARD_1NAV,",
				"          EXTERNALCODEOFCUST_ID_1NAV,",
				"          EXTERNALCODEOFCUST_ILLNESS_1NAV,",
				"          EXTERNALCODEOFCUST_INFILES_1NAV,",
				"          EXTERNALCODEOFCUST_LEGAL_1NAV,",
				"          EXTERNALCODEOFCUST_MISCELLANEOUSNAV,",
				"          EXTERNALCODEOFCUST_OTHER_1NAV,",
				"          EXTERNALCODEOFCUST_PENSIONPLAN_1NAV,",
				"          EXTERNALCODEOFCUST_PERM_1NAV,",
				"          EXTERNALCODEOFCUST_PERSDOC_1NAV,",
				"          EXTERNALCODEOFCUST_REDDOC_1NAV,",
				"          EXTERNALCODEOFCUST_TERM_1NAV,",
				"          EXTERNALCODEOFCUST_CANTINE_DK_PARENTNAV,",
				"          EXTERNALCODEOFCUST_COMPANYCAR_PARENTNAV,",
				"          FAX,",
				"          FIRSTNAME,",
				"          FUTURELEADER,",
				"          HEADOFUNITOFFOBUSINESSUNITNAV,",
				"          HEADOFUNITOFFODEPARTMENTNAV,",
				"          HEADOFUNITOFFODIVISIONNAV,",
				"          HIREDATE,",
				"          HOMEPHONE,",
				"          HR,",
				"          HRREPORTS,",
				"          IMPACTOFLOSS,",
				"          IMPACTOFLOSSNAV,",
				"          INCUMBENTOFPOSITIONNAV,",
				"          ISPRIMARYASSIGNMENT,",
				"          JOBCODE,",
				"          KEYPOSITION,",
				"          LASTMODIFIED,",
				"          LASTMODIFIEDDATETIME,",
				"          LASTMODIFIEDWITHTZ,",
				"          LASTNAME,",
				"          LASTREVIEWDATE,",
				"          LEVEL,",
				"          LOCATION,",
				"          LOGINMETHOD,",
				"          MANAGER,",
				"          MARRIED,",
				"          MATRIX1LABEL,",
				"          MATRIX2LABEL,",
				"          MATRIXMANAGED,",
				"          MATRIXMANAGER,",
				"          MATRIXREPORTS,",
				"          MI,",
				"          MINORITY,",
				"          NATIONALITY,",
				"          NEWTOPOSITION,",
				"          NICKNAME,",
				"          OBJECTIVE,",
				"          ONBOARDINGID,",
				"          OWNEROFTALENTPOOLNAV,",
				"          PERFORMANCE,",
				"          PERSONKEYNAV,",
				"          POTENTIAL,",
				"          PROXY,",
				"          REASONFORLEAVING,",
				"          REASONFORLEAVINGNAV,",
				"          REVIEWFREQ,",
				"          RISKOFLOSS,",
				"          RISKOFLOSSNAV,",
				"          SALUTATION,",
				"          SCILASTMODIFIED,",
				"          SECONDMANAGER,",
				"          SECONDREPORTS,",
				"          SSN,",
				"          STATE,",
				"          STATUS,",
				"          SUFFIX,",
				"          TALENTPOOL,",
				"          TARGETIDOFTIMEMANAGEMENTALERTNAV,",
				"          TEAMMEMBERSSIZE,",
				"          TIMEZONE,",
				"          TITLE,",
				"          TOTALTEAMSIZE,",
				"          USERID,",
				"          USERIDOFACCRUALCALCULATIONBASENAV,",
				"          USERIDOFBUDGETGROUPNAV,",
				"          USERIDOFEMPLOYEEPAYROLLRUNRESULTSNAV,",
				"          USERIDOFEMPLOYEETIMEGROUPNAV,",
				"          USERIDOFEMPLOYEETIMENAV,",
				"          USERIDOFPOSITIONRIGHTTORETURNNAV,",
				"          USERIDOFTEMPORARYTIMEINFORMATIONNAV,",
				"          USERIDOFTIMEACCOUNTNAV,",
				"          USERIDOFTIMEACCOUNTSNAPSHOTNAV,",
				"          USERIDOFWORKSCHEDULENAV,",
				"          USERPERMISSIONSNAV,",
				"          USERSYSIDOFWORKORDERNAV,",
				"          USERNAME,",
				"          USERSSYSIDOFHIREDATECHANGENAV,",
				"          USERSSYSIDOFSECONDARYASSIGNMENTSITEMNAV,",
				"          WORKORDEROWNERIDOFWORKORDERNAV,",
				"          WORKEROFPAYMENTINFORMATIONV3NAV,",
				"          ZIPCODE",
				"     )) ~> DstUSER1",
				"alterRow1 sink(allowSchemaDrift: true,",
				"     validateSchema: false,",
				"     format: 'table',",
				"     store: 'sqlserver',",
				"     schemaName: 'SRC_SCSFCTR',",
				"     tableName: 'USER',",
				"     insertable: true,",
				"     updateable: true,",
				"     deletable: false,",
				"     upsertable: true,",
				"     keys:['USERID'],",
				"     stagingSchemaName: 'STG_SCSFC',",
				"     skipDuplicateMapInputs: true,",
				"     skipDuplicateMapOutputs: true,",
				"     errorHandlingOption: 'stopOnFirstError',",
				"     mapColumn(",
				"          SRC_DELETED_FLG,",
				"          LAST_UPDATED_TS,",
				"          ADDRESSLINE1,",
				"          ADDRESSLINE2,",
				"          ADDRESSLINE3,",
				"          ASSIGNEEUSERIDOFDOMAINEVENTALERTNAV,",
				"          ASSIGNMENTUUID,",
				"          BENCHSTRENGTH,",
				"          BENCHSTRENGTHNAV,",
				"          BUSINESSPHONE,",
				"          BUSINESSSEGMENT,",
				"          CELLPHONE,",
				"          CITIZENSHIP,",
				"          CITY,",
				"          CODEOFRIGHTTORETURNNAV,",
				"          COMPETENCY,",
				"          COMPETENCYRATINGNAV,",
				"          COSTCENTERMANAGEROFFOCOSTCENTERNAV,",
				"          COUNTRY,",
				"          CUST_HEADOFBAOFCUST_BANAV,",
				"          CUST_HEADOFUNITOFCUST_SUBTEAMNAV,",
				"          CUST_HEADOFUNITOFCUST_TEAMNAV,",
				"          CUST_INITIATOROFPOSITIONNAV,",
				"          CUSTOM01,",
				"          CUSTOM02,",
				"          CUSTOM03,",
				"          CUSTOM04,",
				"          CUSTOM05,",
				"          CUSTOM06,",
				"          CUSTOM07,",
				"          CUSTOM08,",
				"          CUSTOM08NAV,",
				"          CUSTOM09,",
				"          CUSTOM11,",
				"          CUSTOM12,",
				"          CUSTOM13,",
				"          CUSTOM14,",
				"          CUSTOM15,",
				"          CUSTOMMANAGER,",
				"          CUSTOMREPORTS,",
				"          DATEOFBIRTH,",
				"          DATEOFPOSITION,",
				"          DEFAULTFULLNAME,",
				"          DEFAULTLOCALE,",
				"          DELEGATEEOFAUTODELEGATEDETAILNAV,",
				"          DELEGATOROFAUTODELEGATECONFIGNAV,",
				"          DEPARTMENT,",
				"          DIRECTREPORTS,",
				"          DIVISION,",
				"          EMAIL,",
				"          EMPID,",
				"          EMPINFO,",
				"          EMPLSTATUS,",
				"          EMPLOYEE_CLASS,",
				"          EMPLOYMENTIDENTITYOFDRTMPURGEFREEZENAV,",
				"          ETHNICITY,",
				"          ETHNICITYNAV,",
				"          EXTERNALCODEOFCUST_AAP_1NAV,",
				"          EXTERNALCODEOFCUST_ABS_1NAV,",
				"          EXTERNALCODEOFCUST_BENEFPLAN_1NAV,",
				"          EXTERNALCODEOFCUST_BENEF_1NAV,",
				"          EXTERNALCODEOFCUST_CARCINO_1NAV,",
				"          EXTERNALCODEOFCUST_DKTAX_PARENTNAV,",
				"          EXTERNALCODEOFCUST_DENMARK_STATISTIK_PARENTNAV,",
				"          EXTERNALCODEOFCUST_DISC_1NAV,",
				"          EXTERNALCODEOFCUST_EEO_1NAV,",
				"          EXTERNALCODEOFCUST_EMPCHANGE_1NAV,",
				"          EXTERNALCODEOFCUST_EMPCONTR_1NAV,",
				"          EXTERNALCODEOFCUST_EMPFILES_1NAV,",
				"          EXTERNALCODEOFCUST_FORMS_1NAV,",
				"          EXTERNALCODEOFCUST_HI_1NAV,",
				"          EXTERNALCODEOFCUST_HAZARD_1NAV,",
				"          EXTERNALCODEOFCUST_ID_1NAV,",
				"          EXTERNALCODEOFCUST_ILLNESS_1NAV,",
				"          EXTERNALCODEOFCUST_INFILES_1NAV,",
				"          EXTERNALCODEOFCUST_LEGAL_1NAV,",
				"          EXTERNALCODEOFCUST_MISCELLANEOUSNAV,",
				"          EXTERNALCODEOFCUST_OTHER_1NAV,",
				"          EXTERNALCODEOFCUST_PENSIONPLAN_1NAV,",
				"          EXTERNALCODEOFCUST_PERM_1NAV,",
				"          EXTERNALCODEOFCUST_PERSDOC_1NAV,",
				"          EXTERNALCODEOFCUST_REDDOC_1NAV,",
				"          EXTERNALCODEOFCUST_TERM_1NAV,",
				"          EXTERNALCODEOFCUST_CANTINE_DK_PARENTNAV,",
				"          EXTERNALCODEOFCUST_COMPANYCAR_PARENTNAV,",
				"          FAX,",
				"          FIRSTNAME,",
				"          FUTURELEADER,",
				"          HEADOFUNITOFFOBUSINESSUNITNAV,",
				"          HEADOFUNITOFFODEPARTMENTNAV,",
				"          HEADOFUNITOFFODIVISIONNAV,",
				"          HIREDATE,",
				"          HOMEPHONE,",
				"          HR,",
				"          HRREPORTS,",
				"          IMPACTOFLOSS,",
				"          IMPACTOFLOSSNAV,",
				"          INCUMBENTOFPOSITIONNAV,",
				"          ISPRIMARYASSIGNMENT,",
				"          JOBCODE,",
				"          KEYPOSITION,",
				"          LASTMODIFIED,",
				"          LASTMODIFIEDDATETIME,",
				"          LASTMODIFIEDWITHTZ,",
				"          LASTNAME,",
				"          LASTREVIEWDATE,",
				"          LEVEL,",
				"          LOCATION,",
				"          LOGINMETHOD,",
				"          MANAGER,",
				"          MARRIED,",
				"          MATRIX1LABEL,",
				"          MATRIX2LABEL,",
				"          MATRIXMANAGED,",
				"          MATRIXMANAGER,",
				"          MATRIXREPORTS,",
				"          MI,",
				"          MINORITY,",
				"          NATIONALITY,",
				"          NEWTOPOSITION,",
				"          NICKNAME,",
				"          OBJECTIVE,",
				"          ONBOARDINGID,",
				"          OWNEROFTALENTPOOLNAV,",
				"          PERFORMANCE,",
				"          PERSONKEYNAV,",
				"          POTENTIAL,",
				"          PROXY,",
				"          REASONFORLEAVING,",
				"          REASONFORLEAVINGNAV,",
				"          REVIEWFREQ,",
				"          RISKOFLOSS,",
				"          RISKOFLOSSNAV,",
				"          SALUTATION,",
				"          SCILASTMODIFIED,",
				"          SECONDMANAGER,",
				"          SECONDREPORTS,",
				"          SSN,",
				"          STATE,",
				"          STATUS,",
				"          SUFFIX,",
				"          TALENTPOOL,",
				"          TARGETIDOFTIMEMANAGEMENTALERTNAV,",
				"          TEAMMEMBERSSIZE,",
				"          TIMEZONE,",
				"          TITLE,",
				"          TOTALTEAMSIZE,",
				"          USERID,",
				"          USERIDOFACCRUALCALCULATIONBASENAV,",
				"          USERIDOFBUDGETGROUPNAV,",
				"          USERIDOFEMPLOYEEPAYROLLRUNRESULTSNAV,",
				"          USERIDOFEMPLOYEETIMEGROUPNAV,",
				"          USERIDOFEMPLOYEETIMENAV,",
				"          USERIDOFPOSITIONRIGHTTORETURNNAV,",
				"          USERIDOFTEMPORARYTIMEINFORMATIONNAV,",
				"          USERIDOFTIMEACCOUNTNAV,",
				"          USERIDOFTIMEACCOUNTSNAPSHOTNAV,",
				"          USERIDOFWORKSCHEDULENAV,",
				"          USERPERMISSIONSNAV,",
				"          USERSYSIDOFWORKORDERNAV,",
				"          USERNAME,",
				"          USERSSYSIDOFHIREDATECHANGENAV,",
				"          USERSSYSIDOFSECONDARYASSIGNMENTSITEMNAV,",
				"          WORKORDEROWNERIDOFWORKORDERNAV,",
				"          WORKEROFPAYMENTINFORMATIONV3NAV,",
				"          ZIPCODE",
				"     )) ~> DstUSER2"
			]
		}
	}
}