{
	"name": "SuccessFactorRawExtract",
	"properties": {
		"linkedServiceName": {
			"referenceName": "AzureDataLakeStorage2",
			"type": "LinkedServiceReference"
		},
		"parameters": {
			"TableName": {
				"type": "string"
			}
		},
		"annotations": [],
		"type": "Json",
		"typeProperties": {
			"location": {
				"type": "AzureBlobFSLocation",
				"folderPath": {
					"value": "@concat('SapSuccessFactor/',dataset().TableName)",
					"type": "Expression"
				},
				"fileSystem": "bronze"
			}
		},
		"schema": {}
	}
}